Date,AAPL,MSFT,TSLA
2020-01-02,72.53852081298828,152.79110717773438,28.68400001525879
2020-01-03,71.83329010009766,150.88861083984375,29.53400039672852
2020-01-06,72.40568542480469,151.27862548828125,30.1026668548584
2020-01-07,72.06513977050781,149.89926147460938,31.270666122436523
2020-01-08,73.22442626953125,152.28695678710938,32.80933380126953
2020-01-09,74.77974700927734,154.189453125,32.089332580566406
2020-01-10,74.94879913330078,153.47604370117188,31.87666702270508
2020-01-13,76.55005645751953,155.32144165039062,34.990665435791016
2020-01-14,75.51637268066406,154.2275390625,35.861331939697266
2020-01-15,75.19274139404297,155.22634887695312,34.56666564941406
2020-01-16,76.1346435546875,158.0706329345703,34.232666015625
2020-01-17,76.97753143310547,158.9552764892578,34.03333282470703
2020-01-21,76.45584869384766,158.384521484375,36.47999954223633
2020-01-22,76.7287826538086,157.62350463867188,37.97066879272461
2020-01-23,77.09828186035156,158.5937957763672,38.14666748046875
2020-01-24,76.87608337402344,156.9956512451172,37.654666900634766
2020-01-27,74.61552429199219,154.37020874023438,37.20133209228516
2020-01-28,76.72634887695312,157.39520263671875,37.79333114624024
2020-01-29,78.33241271972656,159.84947204589844,38.732666015625
2020-01-30,78.21891784667969,164.3583984375,42.72066879272461
2020-01-31,74.75077056884766,161.93267822265625,43.37133407592773
2020-02-03,74.54548645019531,165.88046264648438,52.0
2020-02-04,77.0064926147461,171.3406982421875,59.137332916259766
2020-02-05,77.63445281982422,171.13137817382812,48.97999954223633
2020-02-06,78.54254150390625,174.6795654296875,49.93066787719727
2020-02-07,77.47492218017578,174.92691040039062,49.87133407592773
2020-02-10,77.84290313720703,179.50247192382812,51.41866683959961
2020-02-11,77.37325286865234,175.45010375976562,51.62533187866211
2020-02-12,79.21067810058594,175.70692443847656,51.15266799926758
2020-02-13,78.64663696289062,174.75567626953125,53.59999847412109
2020-02-14,78.66598510742188,176.31576538085938,53.33533477783203
2020-02-18,77.22557830810547,178.10415649414062,57.22666549682617
2020-02-19,78.34400939941406,178.6382293701172,61.16133117675781
2020-02-20,77.54029083251953,175.91026306152344,59.96066665649414
2020-02-21,75.78515625,170.34925842285156,60.06666564941406
2020-02-24,72.18533325195312,163.00460815429688,55.58599853515625
2020-02-25,69.7402572631836,160.31466674804688,53.32733154296875
2020-02-26,70.84661102294922,162.31781005859375,51.91999816894531
2020-02-27,66.21549224853516,150.8810577392578,45.26666641235352
2020-02-28,66.17675018310547,154.53428649902344,44.53266525268555
2020-03-02,72.33786010742188,164.81689453125,49.574668884277344
2020-03-03,70.04045104980469,156.91896057128906,49.70066833496094
2020-03-04,73.28926086425781,162.6802215576172,49.96666717529297
2020-03-05,70.91197204589844,158.59776306152344,48.30266571044922
2020-03-06,69.97026062011719,154.11465454101562,46.89866638183594
2020-03-09,64.43616485595703,143.66989135742188,40.53333282470703
2020-03-10,69.07693481445312,153.49459838867188,43.02199935913086
2020-03-11,66.6778793334961,146.54100036621094,42.28200149536133
2020-03-12,60.09312438964844,132.643310546875,37.369998931884766
2020-03-13,67.29277038574219,151.50106811523438,36.44133377075195
2020-03-16,58.6357650756836,129.17127990722656,29.67133331298828
2020-03-17,61.213993072509766,139.80679321289062,28.68000030517578
2020-03-18,59.71546936035156,133.92147827148438,24.08133316040039
2020-03-19,59.25792694091797,136.12484741210938,28.50933265686035
2020-03-20,55.49589920043945,131.01222229003906,28.50200080871582
2020-03-23,54.31692886352539,129.7054443359375,28.952667236328125
2020-03-24,59.76629638671875,141.49510192871094,33.66666793823242
2020-03-25,59.43706512451172,140.140625,35.95000076293945
2020-03-26,62.5648193359375,148.9065704345703,35.21066665649414
2020-03-27,59.97450637817383,142.7923583984375,34.29066848754883
2020-03-30,61.68605422973633,152.83644104003906,33.47533416748047
2020-03-31,61.56016159057617,150.43270874023438,34.93333435058594
2020-04-01,58.321048736572266,145.09115600585938,32.104000091552734
2020-04-02,59.29422378540039,148.09579467773438,30.29800033569336
2020-04-03,58.442081451416016,146.73175048828125,32.000667572021484
2020-04-06,63.54044342041016,157.64389038085938,34.41600036621094
2020-04-07,62.80447769165039,155.94601440429688,36.36333465576172
2020-04-08,64.41193389892578,157.51034545898438,36.589332580566406
2020-04-09,64.87674713134766,157.51988220214844,38.20000076293945
2020-04-13,66.15011596679688,157.87283325195312,43.39666748046875
2020-04-14,69.49092102050781,165.6848907470703,47.32600021362305
2020-04-15,68.85663604736328,163.94886779785156,48.65533447265625
2020-04-16,69.40375518798828,168.87075805664062,49.68066787719727
2020-04-17,68.4620361328125,170.3588104248047,50.25933456420898
2020-04-20,67.04100036621094,166.98214721679688,49.75733184814453
2020-04-21,64.96874237060547,160.0762481689453,45.78133392333984
2020-04-22,66.84007263183594,165.51319885253906,48.80733489990234
2020-04-23,66.5810546875,163.5100860595703,47.04199981689453
2020-04-24,68.50320434570312,166.49571228027344,48.34333419799805
2020-04-27,68.55164337158203,166.01876831054688,53.25
2020-04-28,67.44043731689453,161.97439575195312,51.27466583251953
2020-04-29,69.6555404663086,169.24278259277344,53.367332458496094
2020-04-30,71.12499237060547,170.940673828125,52.12533187866211
2020-05-01,69.97993469238281,166.51473999023438,46.75466537475586
2020-05-04,70.97004699707031,170.58773803710938,50.74599838256836
2020-05-05,72.03524780273438,172.41912841796875,51.2140007019043
2020-05-06,72.77845001220703,174.1169891357422,52.172000885009766
2020-05-07,73.53133392333984,175.1280517578125,52.00266647338867
2020-05-08,75.28150939941406,176.1582489013672,54.62799835205078
2020-05-11,76.46609497070312,178.12318420410156,54.08599853515625
2020-05-12,75.59220886230469,174.08839416503906,53.96066665649414
2020-05-13,74.67949676513672,171.45571899414062,52.73066711425781
2020-05-14,75.13829040527344,172.19973754882812,53.55533218383789
2020-05-15,74.69405364990234,174.70840454101562,53.27799987792969
2020-05-18,76.4539566040039,176.3776397705078,54.242000579833984
2020-05-19,76.01213836669922,175.1566925048828,53.867332458496094
2020-05-20,77.49047088623047,177.5862579345703,54.37066650390625
2020-05-21,76.9127426147461,175.4532012939453,55.17333221435547
2020-05-22,77.40792846679688,175.5297088623047,54.45866775512695
2020-05-26,76.88360595703125,173.67410278320312,54.5913314819336
2020-05-27,77.21856689453125,173.90370178222656,54.68199920654297
2020-05-28,77.2525634765625,173.51148986816406,53.72066879272461
2020-05-29,77.17731475830078,175.28103637695312,55.66666793823242
2020-06-01,78.12645721435547,174.8793182373047,59.87333297729492
2020-06-02,78.48812866210938,176.86886596679688,58.77066802978516
2020-06-03,78.92021179199219,177.29931640625,58.86399841308594
2020-06-04,78.24052429199219,174.9654083251953,57.62533187866211
2020-06-05,80.4688949584961,179.0592803955078,59.04399871826172
2020-06-08,80.94467163085938,180.16883850097656,63.32799911499024
2020-06-09,83.500732421875,181.54617309570312,62.711334228515625
2020-06-10,85.64901733398438,188.2800750732422,68.336669921875
2020-06-11,81.53694915771484,178.16973876953125,64.85600280761719
2020-06-12,82.24091339111328,179.57579040527344,62.35200119018555
2020-06-15,83.25799560546875,180.72360229492188,66.05999755859375
2020-06-16,85.46453857421875,185.1522674560547,65.47533416748047
2020-06-17,85.3455810546875,185.79315185546875,66.11933135986328
2020-06-18,85.37955474853516,187.78268432617188,66.9306640625
2020-06-19,84.89166259765625,186.66358947753903,66.72666931152344
2020-06-22,87.11275482177734,191.84788513183597,66.28800201416016
2020-06-23,88.97215270996094,193.12960815429688,66.78533172607422
2020-06-24,87.40159606933594,189.2365875244141,64.0566635131836
2020-06-25,88.56190490722656,191.6278839111328,65.73200225830078
2020-06-26,85.84078216552734,187.7922515869141,63.982666015625
2020-06-29,87.81914520263672,189.81051635742188,67.29000091552734
2020-06-30,88.55219268798828,194.6599578857422,71.98733520507812
2020-07-01,88.38470458984375,195.7982940673828,74.64199829101562
2020-07-02,88.38470458984375,197.2904052734375,80.57733154296875
2020-07-06,90.74903869628906,201.53733825683597,91.43866729736328
2020-07-07,90.46743774414062,199.19390869140625,92.65733337402344
2020-07-08,92.57440948486328,203.5746917724609,91.05867004394533
2020-07-09,92.9725341796875,204.9999084472656,92.9520034790039
2020-07-10,93.1351547241211,204.378173828125,102.97666931152344
2020-07-13,92.70553588867188,198.065185546875,99.8040008544922
2020-07-14,94.2396240234375,199.28952026367188,101.12000274658205
2020-07-15,94.88776397705078,198.99301147460935,103.06732940673828
2020-07-16,93.72018432617188,195.05213928222656,100.04266357421876
2020-07-17,93.53085327148438,194.05743408203125,100.05599975585938
2020-07-20,95.50189208984376,202.39822387695312,109.53333282470705
2020-07-21,94.1838150024414,199.67208862304688,104.55733489990234
2020-07-22,94.44839477539062,202.5416412353516,106.15533447265624
2020-07-23,90.1494369506836,193.732177734375,100.87133026123048
2020-07-24,89.92611694335938,192.5460968017578,94.46666717529295
2020-07-27,92.0574188232422,194.98524475097656,102.63999938964844
2020-07-28,90.54511260986328,193.23480224609372,98.43267059326172
2020-07-29,92.2807159423828,195.18606567382807,99.94066619873048
2020-07-30,93.39733123779295,195.0330352783203,99.16600036621094
2020-07-31,103.17496490478516,196.09475708007807,95.38400268554688
2020-08-03,105.77471923828124,207.12335205078125,99.0
2020-08-04,106.48109436035156,204.01466369628903,99.13333129882812
2020-08-05,106.86707305908205,203.67991638183597,99.00133514404295
2020-08-06,110.59556579589844,206.941650390625,99.30533599853516
2020-08-07,108.08110809326172,203.23992919921875,96.84733581542967
2020-08-10,109.65206146240234,199.19390869140625,94.5713348388672
2020-08-11,106.39100646972656,194.53564453125,91.6259994506836
2020-08-12,109.92683410644533,200.09298706054688,103.65066528320312
2020-08-13,111.8722686767578,199.6242828369141,108.06666564941406
2020-08-14,111.77256774902344,199.8156280517578,110.04733276367188
2020-08-17,111.48076629638672,201.13560485839844,122.3759994506836
2020-08-18,112.4096908569336,202.29298400878903,125.80599975585938
2020-08-19,112.5507354736328,201.06570434570312,125.23533630371094
2020-08-20,115.0481948852539,205.7447509765625,133.45533752441406
2020-08-21,120.97691345214844,204.2490081787109,136.6653289794922
2020-08-24,122.42383575439452,204.89141845703125,134.27999877929688
2020-08-25,121.41948699951172,207.55694580078125,134.8893280029297
2020-08-26,123.0706787109375,212.04425048828125,143.54466247558594
2020-08-27,121.59944152832033,217.25067138671875,149.25
2020-08-28,121.40248107910156,219.4846954345703,147.55999755859375
2020-08-31,125.51949310302734,216.24388122558597,166.10667419433594
2020-09-01,130.519287109375,217.91226196289065,158.35000610351562
2020-09-02,127.81512451171876,222.1119384765625,149.1233367919922
2020-09-03,117.5821304321289,208.3527374267578,135.6666717529297
2020-09-04,117.6599578857422,205.4283142089844,139.44000244140625
2020-09-08,109.74201965332033,194.31553649902344,110.06999969482422
2020-09-09,114.1192626953125,202.5902099609375,122.09333038330078
2020-09-10,110.3937530517578,196.9139709472656,123.77999877929688
2020-09-11,108.94439697265624,195.629150390625,124.23999786376952
2020-09-14,112.21272277832033,196.95233154296875,139.8733367919922
2020-09-15,112.3878173828125,200.18356323242188,149.9199981689453
2020-09-16,109.0708465576172,196.6071319580078,147.25332641601562
2020-09-17,107.32967376708984,194.5552978515625,141.14332580566406
2020-09-18,103.92516326904295,192.1390380859375,147.38333129882812
2020-09-21,107.07676696777344,194.2004547119141,149.79666137695312
2020-09-22,108.75957489013672,198.87957763671875,141.41000366210938
2020-09-23,104.19752502441406,192.33078002929688,126.7866668701172
2020-09-24,105.2675323486328,194.8237152099609,129.26333618164062
2020-09-25,109.2167510986328,199.2631072998047,135.77999877929688
2020-09-28,111.82363891601562,200.81640625,140.39999389648438
2020-09-29,110.97736358642578,198.7261657714844,139.69000244140625
2020-09-30,112.65045166015624,201.66973876953125,143.00332641601562
2020-10-01,113.60369873046876,203.71206665039065,149.3866729736328
2020-10-02,109.93657684326172,197.7002410888672,138.3633270263672
2020-10-05,113.32162475585938,201.7176818847656,141.89332580566406
2020-10-06,110.07274627685548,197.43174743652344,137.9933319091797
2020-10-07,111.94036102294922,201.1903381347656,141.76666259765625
2020-10-08,111.8333740234375,201.90945434570312,141.97332763671875
2020-10-09,113.77880096435548,206.9241180419922,144.6666717529297
2020-10-12,121.006103515625,212.283935546875,147.43333435058594
2020-10-13,117.79612731933594,213.6838531494141,148.88333129882812
2020-10-14,117.88367462158205,211.76617431640625,153.76666259765625
2020-10-15,117.41676330566406,210.61561584472656,149.6266632080078
2020-10-16,115.77285766601562,210.61561584472656,146.55667114257812
2020-10-19,112.8158187866211,205.39952087402344,143.61000061035156
2020-10-20,114.30406188964844,205.81187438964844,140.64666748046875
2020-10-21,113.68151092529295,205.95567321777344,140.8800048828125
2020-10-22,112.5920867919922,206.0419921875,141.92999267578125
2020-10-23,111.90145874023438,207.32684326171875,140.2100067138672
2020-10-26,111.91118621826172,201.43003845214844,140.0933380126953
2020-10-27,113.41887664794922,204.46951293945312,141.55999755859375
2020-10-28,108.1662139892578,194.33468627929688,135.33999633789062
2020-10-29,112.173828125,196.2907257080078,136.94332885742188
2020-10-30,105.89005279541016,194.1333923339844,129.34666442871094
2020-11-02,105.80249786376952,193.9991455078125,133.50332641601562
2020-11-03,107.4269561767578,197.93032836914065,141.3000030517578
2020-11-04,111.81391143798828,207.4802398681641,140.32666015625
2020-11-05,115.78260040283205,214.0961151123047,146.02999877929688
2020-11-06,115.65106964111328,214.50840759277344,143.31666564941406
2020-11-09,113.34174346923828,209.3978729248047,140.4199981689453
2020-11-10,113.00069427490234,202.32174682617188,136.7866668701172
2020-11-11,116.43058776855467,207.63365173339844,139.0433349609375
2020-11-12,116.15775299072266,206.56936645507807,137.25332641601562
2020-11-13,116.20647430419922,207.5952911376953,136.1666717529297
2020-11-16,117.21981811523438,208.28561401367188,136.02999877929688
2020-11-17,116.33314514160156,205.62969970703125,147.20333862304688
2020-11-18,115.00794219970705,202.9187469482422,162.2133331298828
2020-11-19,115.6023406982422,204.2069396972656,166.42333984375
2020-11-20,114.33560180664062,202.2554473876953,163.20333862304688
2020-11-23,110.93497467041016,201.98622131347656,173.9499969482422
2020-11-24,112.22120666503906,205.5912628173828,185.1266632080078
2020-11-25,113.05917358398438,205.60086059570312,191.3333282470703
2020-11-27,113.6048355102539,206.9082946777344,195.2533264160156
2020-11-30,116.0018310546875,205.7931365966797,189.1999969482422
2020-12-01,119.577880859375,207.8504180908203,194.9199981689453
2020-12-02,119.92864227294922,207.0428466796875,189.60667419433597
2020-12-03,119.79222869873048,205.95655822753903,197.7933349609375
2020-12-04,119.11990356445312,206.0719146728516,199.67999267578125
2020-12-07,120.58151245117188,206.00462341308597,213.9199981689453
2020-12-08,121.19537353515624,207.65809631347656,216.6266632080078
2020-12-09,118.66194152832033,203.61087036132807,201.4933319091797
2020-12-10,120.0845718383789,202.38037109375,209.02333068847656
2020-12-11,119.27582550048828,205.01443481445312,203.3300018310547
2020-12-14,118.66194152832033,205.9180908203125,213.27667236328125
2020-12-15,124.60574340820312,205.8507843017578,211.0833282470703
2020-12-16,124.53754425048828,210.8016815185547,207.58999633789065
2020-12-17,125.40477752685548,210.9362945556641,218.63333129882807
2020-12-18,123.41699981689452,210.1383514404297,231.6666717529297
2020-12-21,124.9468002319336,213.9836883544922,216.6199951171875
2020-12-22,128.5033416748047,215.2815093994141,213.44667053222656
2020-12-23,127.6069107055664,212.47442626953125,215.32666015625
2020-12-24,128.591064453125,214.13755798339844,220.58999633789065
2020-12-28,133.19020080566406,216.2620849609375,221.22999572753903
2020-12-29,131.41677856445312,215.4833984375,221.9966735839844
2020-12-30,130.29624938964844,213.10890197753903,231.5933380126953
2020-12-31,129.29261779785156,213.8202362060547,235.22332763671875
2021-01-04,126.09657287597656,209.27316284179688,243.2566680908203
2021-01-05,127.65559387207033,209.4750518798828,245.0366668701172
2021-01-06,123.35853576660156,204.04348754882807,251.9933319091797
2021-01-07,127.56790161132812,209.84996032714844,272.0133361816406
2021-01-08,128.66900634765625,211.1285400390625,293.3399963378906
2021-01-11,125.67759704589844,209.08087158203125,270.39666748046875
2021-01-12,125.5022201538086,206.619873046875,283.14666748046875
2021-01-13,127.53868865966795,207.97537231445312,284.8033447265625
2021-01-14,125.6093978881836,204.7837371826172,281.6666564941406
2021-01-15,123.88471221923828,204.42803955078125,275.3866577148437
2021-01-19,124.55704498291016,208.07150268554688,281.51666259765625
2021-01-20,128.64952087402344,215.66604614257807,283.4833374023437
2021-01-21,133.36558532714844,216.27169799804688,281.663330078125
2021-01-22,135.50924682617188,217.2137756347656,282.2133178710937
2021-01-25,139.2606964111328,220.6553955078125,293.6000061035156
2021-01-26,139.49452209472656,223.3471221923828,294.36334228515625
2021-01-27,138.4226837158203,223.89508056640625,288.0533447265625
2021-01-28,133.57997131347656,229.6919403076172,278.4766540527344
2021-01-29,128.58131408691406,222.99142456054688,264.510009765625
2021-02-01,130.70545959472656,230.3840789794922,279.9366760253906
2021-02-02,131.5337371826172,230.2494964599609,290.92999267578125
2021-02-03,130.51060485839844,233.6046142578125,284.89666748046875
2021-02-04,133.8722381591797,232.6528167724609,283.3299865722656
2021-02-05,133.45751953125,232.83551025390625,284.07666015625
2021-02-08,133.60391235351562,233.0950469970703,287.8066711425781
2021-02-09,132.72561645507812,234.34478759765625,283.1533203125
2021-02-10,132.12060546875,233.4315490722656,268.2733459472656
2021-02-11,131.8668975830078,235.0369415283203,270.5533447265625
2021-02-12,132.10108947753906,235.5176239013672,272.0400085449219
2021-02-16,129.97373962402344,234.2774658203125,265.4066772460937
2021-02-17,127.6804656982422,235.2988739013672,266.04998779296875
2021-02-18,126.57777404785156,234.90380859375,262.4599914550781
2021-02-19,126.73388671875,232.1866149902344,260.4333190917969
2021-02-22,122.9573745727539,225.9620819091797,238.1666717529297
2021-02-23,122.82073211669922,224.76724243164065,232.94667053222656
2021-02-24,122.3230438232422,226.00059509277344,247.33999633789065
2021-02-25,118.06832885742188,220.64324951171875,227.4066619873047
2021-02-26,118.33182525634766,223.90972900390625,225.1666717529297
2021-03-01,124.70413208007812,228.303466796875,239.47666931152344
2021-03-02,122.0986099243164,225.3454132080078,228.81333923339844
2021-03-03,119.11248779296876,219.26536560058597,217.73333740234372
2021-03-04,117.22911071777344,218.4656219482422,207.14666748046875
2021-03-05,118.48796844482422,223.15814208984372,199.3166656494141
2021-03-08,113.55012512207033,219.10159301757807,187.6666717529297
2021-03-09,118.1659164428711,225.2586669921875,224.52667236328125
2021-03-10,117.08272552490234,223.94821166992188,222.6866607666016
2021-03-11,119.01490783691406,228.486572265625,233.1999969482422
2021-03-12,118.10736083984376,227.15689086914065,231.2433319091797
2021-03-15,120.99588012695312,226.2511138916016,235.97999572753903
2021-03-16,122.53773498535156,229.04541015625,225.6266632080078
2021-03-17,121.74729919433594,228.3998260498047,233.9366607666016
2021-03-18,117.61943817138672,222.31021118164065,217.72000122070312
2021-03-19,117.09249877929688,221.9537048339844,218.2899932861328
2021-03-22,120.41036224365234,227.3881072998047,223.3333282470703
2021-03-23,119.58089447021484,228.920166015625,220.72000122070312
2021-03-24,117.1900634765625,226.87745666503903,210.08999633789065
2021-03-25,117.67799377441406,223.87112426757807,213.4633331298828
2021-03-26,118.28301239013672,227.86024475097656,206.23666381835935
2021-03-29,118.45867919921876,226.6654357910156,203.76333618164065
2021-03-30,117.00466918945312,223.3990020751953,211.8733367919922
2021-03-31,119.20033264160156,227.17611694335935,222.6433258056641
2021-04-01,120.02977752685548,233.5163116455078,220.5833282470703
2021-04-05,122.85977935791016,239.9913330078125,230.3500061035156
2021-04-06,123.16227722167967,238.82546997070312,230.5399932861328
2021-04-07,124.81147003173828,240.7911071777344,223.6566619873047
2021-04-08,127.21206665039062,244.0189666748047,227.93333435058597
2021-04-09,129.788330078125,246.52423095703125,225.67333984375
2021-04-12,128.07080078125,246.58204650878903,233.9933319091797
2021-04-13,131.18377685546875,249.0679626464844,254.10667419433597
2021-04-14,128.8417510986328,246.273681640625,244.07666015625
2021-04-15,131.25209045410156,250.04112243652344,246.2833404541016
2021-04-16,130.9203338623047,251.2359619140625,246.5933380126953
2021-04-19,131.5839080810547,249.3088836669922,238.2100067138672
2021-04-20,129.8956756591797,248.84634399414065,239.663330078125
2021-04-21,130.27622985839844,251.0818023681641,248.0399932861328
2021-04-22,128.75392150878906,247.796142578125,239.89666748046875
2021-04-23,131.07644653320312,251.6309967041016,243.13333129882807
2021-04-26,131.46678161621094,252.0164337158203,246.0666656494141
2021-04-27,131.14476013183594,252.421142578125,234.913330078125
2021-04-28,130.35430908203125,245.2812347412109,231.46665954589844
2021-04-29,130.25672912597656,243.3059539794922,225.6666717529297
2021-04-30,128.2855224609375,242.9879913330078,236.47999572753903
2021-05-03,129.33941650390625,242.6796112060547,228.3000030517578
2021-05-04,124.76268005371094,238.7580108642578,224.5333404541016
2021-05-05,125.00664520263672,237.4860992431641,223.64666748046875
2021-05-06,126.60706329345705,240.62730407714844,221.17999267578125
2021-05-07,127.281494140625,243.25778198242188,224.1233367919922
2021-05-10,123.9970932006836,238.17019653320312,209.67999267578125
2021-05-11,123.0782470703125,237.25485229492188,205.73333740234372
2021-05-12,120.00884246826172,230.28842163085935,196.6300048828125
2021-05-13,122.1593780517578,234.17149353027344,190.56333923339844
2021-05-14,124.5835952758789,239.10487365722656,196.5800018310547
2021-05-17,123.4301300048828,236.24313354492188,192.27667236328125
2021-05-18,122.04207611083984,234.2196807861328,192.6233367919922
2021-05-19,121.88566589355467,234.79916381835935,187.82000732421875
2021-05-20,124.4467544555664,238.04412841796875,195.5933380126953
2021-05-21,122.60902404785156,236.7789764404297,193.6266632080078
2021-05-24,124.24147033691406,242.19699096679688,202.14666748046875
2021-05-25,124.04595947265624,243.10484313964844,201.56333923339844
2021-05-26,123.9970932006836,242.88267517089844,206.3766632080078
2021-05-27,122.46240997314452,240.7772979736328,210.2833404541016
2021-05-28,121.80746459960938,241.1346435546875,208.4066619873047
2021-06-01,121.48489379882812,238.9326629638672,207.96665954589844
2021-06-02,122.24734497070312,238.83609008789065,201.7066650390625
2021-06-03,120.7615203857422,237.30052185058597,190.94667053222656
2021-06-04,123.05867767333984,242.2066345214844,199.68333435058597
2021-06-07,123.06845092773438,245.1233062744141,201.7100067138672
2021-06-08,123.88955688476562,243.9256896972656,201.19667053222656
2021-06-09,124.27079010009766,244.9107666015625,199.5933380126953
2021-06-10,123.27374267578124,248.4359130859375,203.3733367919922
2021-06-11,124.48583221435548,249.0636749267578,203.29666137695312
2021-06-14,127.54541778564452,250.99522399902344,205.89666748046875
2021-06-15,126.7243423461914,249.517578125,199.7866668701172
2021-06-16,127.22283935546876,248.5711212158203,201.6233367919922
2021-06-17,128.8260040283203,251.97059631347656,205.5333404541016
2021-06-18,127.52588653564452,250.5509185791016,207.7700042724609
2021-06-21,129.3245086669922,253.64141845703125,206.94332885742188
2021-06-22,130.96670532226562,256.4228210449219,207.90333557128903
2021-06-23,130.69302368164062,256.19110107421875,218.85667419433597
2021-06-24,130.40956115722656,257.5625,226.60667419433597
2021-06-25,130.11630249023438,255.94960021972656,223.9566650390625
2021-06-28,131.74871826171875,259.5229187011719,229.5733337402344
2021-06-29,133.2638702392578,262.1112670898437,226.9199981689453
2021-06-30,133.87973022460938,261.6283874511719,226.5666656494141
2021-07-01,134.1827392578125,262.3044128417969,225.97332763671875
2021-07-02,136.81222534179688,268.1473693847656,226.3000030517578
2021-07-06,138.82594299316406,268.156982421875,219.8600006103516
2021-07-07,141.3185577392578,270.3493347167969,214.88333129882807
2021-07-08,140.0185089111328,267.9252319335937,217.60333251953125
2021-07-09,141.846435546875,268.4273376464844,218.98333740234372
2021-07-12,141.25010681152344,267.8286437988281,228.5666656494141
2021-07-13,142.3644561767578,271.3634033203125,222.8466644287109
2021-07-14,145.7955322265625,272.841064453125,217.7933349609375
2021-07-15,145.14064025878906,271.4117126464844,216.86666870117188
2021-07-16,143.09762573242188,271.1412353515625,214.7400054931641
2021-07-19,139.24623107910156,267.5292663574219,215.4066619873047
2021-07-20,142.86302185058594,269.7601623535156,220.1666717529297
2021-07-21,142.1298828125,271.7689819335937,218.42999267578125
2021-07-22,143.4984130859375,276.34686279296875,216.4199981689453
2021-07-23,145.2188262939453,279.7559814453125,214.4600067138672
2021-07-26,145.63914489746094,279.1571044921875,219.2066650390625
2021-07-27,143.4691162109375,276.73309326171875,214.9266662597656
2021-07-28,141.71932983398438,276.424072265625,215.66000366210935
2021-07-29,142.3644561767578,276.6944274902344,225.7833404541016
2021-07-30,142.57955932617188,275.1589050292969,229.0666656494141
2021-08-02,142.24720764160156,275.0719909667969,236.55667114257807
2021-08-03,144.0458221435547,277.2932434082031,236.5800018310547
2021-08-04,143.64505004882812,276.7041320800781,236.97332763671875
2021-08-05,143.75254821777344,279.61102294921875,238.2100067138672
2021-08-06,143.06727600097656,279.5531311035156,233.0333404541016
2021-08-09,143.01834106445312,278.4618835449219,237.9199981689453
2021-08-10,142.5386505126953,276.63653564453125,236.663330078125
2021-08-11,142.79319763183594,277.1291198730469,235.94000244140625
2021-08-12,145.7594451904297,279.8911437988281,240.75
2021-08-13,145.96505737304688,282.8271789550781,239.05667114257807
2021-08-16,147.9425811767578,284.5172119140625,228.72332763671875
2021-08-17,147.03213500976562,283.04931640625,221.90333557128903
2021-08-18,143.28265380859375,281.31719970703125,229.663330078125
2021-08-19,143.615478515625,287.1615600585937,224.4900054931641
2021-08-20,145.0741729736328,294.5058898925781,226.7533264160156
2021-08-23,146.56224060058594,294.7864990234375,235.43333435058597
2021-08-24,146.47410583496094,292.8222961425781,236.163330078125
2021-08-25,145.24058532714844,292.2319641113281,237.0666656494141
2021-08-26,144.43783569335938,289.40655517578125,233.72000122070312
2021-08-27,145.4755401611328,290.0161437988281,237.30667114257807
2021-08-30,149.90052795410156,293.7608947753906,243.6366729736328
2021-08-31,148.6376190185547,292.1062316894531,245.2400054931641
2021-09-01,149.30332946777344,292.0578918457031,244.69667053222656
2021-09-02,150.41937255859375,291.3998718261719,244.1300048828125
2021-09-03,151.0557403564453,291.3901672363281,244.52333068847656
2021-09-07,153.39544677734375,290.4612731933594,250.97332763671875
2021-09-08,151.8486785888672,290.490234375,251.2899932861328
2021-09-09,150.8305206298828,287.6260986328125,251.6199951171875
2021-09-10,145.8377685546875,286.1359558105469,245.42333984375
2021-09-13,146.40560913085938,287.3744812011719,247.6666717529297
2021-09-14,145.00563049316406,290.0838928222656,248.163330078125
2021-09-15,145.8965606689453,294.9510192871094,251.94332885742188
2021-09-16,145.66152954101562,295.33807373046875,252.3300018310547
2021-09-17,142.9889678955078,290.16131591796875,253.163330078125
2021-09-20,139.93460083007812,284.7715759277344,243.38999938964844
2021-09-21,140.41424560546875,285.2554626464844,246.4600067138672
2021-09-22,142.78338623046875,288.9130249023437,250.64666748046875
2021-09-23,143.74276733398438,289.8613586425781,251.2133331298828
2021-09-24,143.83090209960938,289.6580810546875,258.1300048828125
2021-09-27,142.31346130371094,284.6459045410156,263.78668212890625
2021-09-28,138.92620849609375,274.3406982421875,259.1866760253906
2021-09-29,139.82688903808594,274.8050842285156,260.4366760253906
2021-09-30,138.52484130859375,272.7925109863281,258.49334716796875
2021-10-01,139.650634765625,279.739990234375,258.4066772460937
2021-10-04,136.21446228027344,273.9438781738281,260.510009765625
2021-10-05,138.14305114746094,279.4109802246094,260.1966552734375
2021-10-06,139.0143280029297,283.6202087402344,260.9166564941406
2021-10-07,140.2771759033203,285.30377197265625,264.53668212890625
2021-10-08,139.8953857421875,285.30377197265625,261.8299865722656
2021-10-11,139.80728149414062,284.70391845703125,263.9800109863281
2021-10-12,138.53465270996094,283.3975830078125,268.5733337402344
2021-10-13,137.94728088378906,286.716552734375,270.3599853515625
2021-10-14,140.73731994628906,292.9480285644531,272.7733459472656
2021-10-15,141.79461669921875,294.3608093261719,281.010009765625
2021-10-18,143.4686737060547,297.3410339355469,290.03668212890625
2021-10-19,145.63218688964844,298.2506103515625,288.0899963378906
2021-10-20,146.12167358398438,297.4571838378906,288.6000061035156
2021-10-21,146.33705139160156,300.6986999511719,298.0
2021-10-22,145.5636749267578,299.1505126953125,303.2266540527344
2021-10-25,145.51470947265625,298.1538391113281,341.6199951171875
2021-10-26,146.180419921875,300.0697326660156,339.4766540527344
2021-10-27,145.72032165527344,312.7069091796875,345.9533386230469
2021-10-28,149.362060546875,313.8487243652344,359.0133361816406
2021-10-29,146.65032958984375,320.8833923339844,371.3333435058594
2021-11-01,145.82798767089844,318.7062072753906,402.86334228515625
2021-11-02,146.86570739746094,322.34442138671875,390.6666564941406
2021-11-03,148.30479431152344,323.186279296875,404.6199951171875
2021-11-04,147.7859344482422,325.5473022460937,409.9700012207031
2021-11-05,148.3153533935547,325.1796264648437,407.36334228515625
2021-11-08,147.49179077148438,326.0794982910156,387.6466674804688
2021-11-09,147.8545379638672,325.0731201171875,341.1666564941406
2021-11-10,145.0211944580078,320.08990478515625,355.9833374023437
2021-11-11,144.97213745117188,321.6671142578125,354.5033264160156
2021-11-12,147.05062866210938,325.8182067871094,344.47332763671875
2021-11-15,147.06044006347656,325.1892395019531,337.7966613769531
2021-11-16,148.04083251953125,328.517822265625,351.57666015625
2021-11-17,150.48207092285156,328.7408752441406,363.0033264160156
2021-11-18,154.77621459960938,330.8250427246094,365.4599914550781
2021-11-19,157.4036865234375,332.60870361328125,379.0199890136719
2021-11-22,157.86448669433594,329.4290466308594,385.6233215332031
2021-11-23,158.24684143066406,327.3449401855469,369.6766662597656
2021-11-24,158.7664337158203,327.5679016113281,372.0
2021-11-26,153.7369842529297,319.5897827148437,360.6400146484375
2021-11-29,157.0997772216797,326.3270874023437,378.9966735839844
2021-11-30,162.06057739257812,320.47186279296875,381.586669921875
2021-12-01,161.54100036621094,319.9775085449219,365.0
2021-12-02,160.55079650878906,319.4055480957031,361.5333251953125
2021-12-03,158.66839599609375,313.1239318847656,338.3233337402344
2021-12-06,162.08023071289062,316.2065734863281,336.336669921875
2021-12-07,167.82534790039062,324.6694030761719,350.5833435058594
2021-12-08,171.64891052246094,324.7178955078125,356.32000732421875
2021-12-09,171.1391143798828,322.9051208496094,334.6000061035156
2021-12-10,175.9332733154297,332.0561218261719,339.010009765625
2021-12-13,172.29598999023438,329.01226806640625,322.1366577148437
2021-12-14,170.9136505126953,318.2907409667969,319.5033264160156
2021-12-15,175.78623962402344,324.40771484375,325.3299865722656
2021-12-16,168.8842010498047,314.9560852050781,308.97332763671875
2021-12-17,167.78616333007812,313.8897399902344,310.8566589355469
2021-12-20,166.4234161376953,310.1188049316406,299.9800109863281
2021-12-21,169.59991455078125,317.27294921875,312.84332275390625
2021-12-22,172.1979522705078,323.00201416015625,336.2900085449219
2021-12-23,172.825439453125,324.4464111328125,355.6666564941406
2021-12-27,176.7960662841797,331.96893310546875,364.6466674804688
2021-12-28,175.7764129638672,330.8056640625,362.8233337402344
2021-12-29,175.86468505859375,331.4842529296875,362.0633239746094
2021-12-30,174.70779418945312,328.93475341796875,356.7799987792969
2021-12-31,174.0901641845703,326.0265808105469,352.260009765625
2022-01-03,178.443115234375,324.5046081542969,399.9266662597656
2022-01-04,176.17840576171875,318.9402770996094,383.1966552734375
2022-01-05,171.49208068847656,306.69677734375,362.7066650390625
2022-01-06,168.62930297851562,304.2732849121094,354.8999938964844
2022-01-07,168.79598999023438,304.428466796875,342.32000732421875
2022-01-10,168.81556701660156,304.6513977050781,352.7066650390625
2022-01-11,171.64891052246094,305.3396911621094,354.79998779296875
2022-01-12,172.09011840820312,308.52899169921875,368.739990234375
2022-01-13,168.81556701660156,295.4713134765625,343.85333251953125
2022-01-14,169.6783447265625,300.7060241699219,349.8699951171875
2022-01-18,166.47238159179688,293.3870849609375,343.5033264160156
2022-01-19,162.9723663330078,294.0462341308594,331.8833312988281
2022-01-20,161.28610229492188,292.3691711425781,332.0899963378906
2022-01-21,159.22723388671875,286.9697265625,314.6333312988281
2022-01-24,158.4527130126953,287.29931640625,310.0
2022-01-25,156.64877319335938,279.6604919433594,306.1333312988281
2022-01-26,156.56056213378906,287.6288452148437,312.4700012207031
2022-01-27,156.09976196289062,290.6631164550781,276.3666687011719
2022-01-28,166.99203491210938,298.8253173828125,282.1166687011719
2022-01-31,171.35479736328125,301.4621276855469,312.239990234375
2022-02-01,171.1881561279297,299.3100280761719,310.4166564941406
2022-02-02,172.39402770996094,303.8661804199219,301.8866577148437
2022-02-03,169.51165771484375,292.0299377441406,297.0466613769531
2022-02-04,169.22698974609375,296.57635498046875,307.7733459472656
2022-02-07,168.51039123535156,291.73907470703125,302.4466552734375
2022-02-08,171.62225341796875,295.2386169433594,307.3333435058594
2022-02-09,173.04562377929688,301.68505859375,310.6666564941406
2022-02-10,168.96197509765625,293.12530517578125,301.51666259765625
2022-02-11,165.5457763671875,286.0099792480469,286.6666564941406
2022-02-14,165.78138732910156,285.9711303710937,291.9200134277344
2022-02-15,169.61964416503906,291.27374267578125,307.4766540527344
2022-02-16,169.384033203125,290.93377685546875,307.7966613769531
2022-02-17,165.78138732910156,282.4146728515625,292.1166687011719
2022-02-18,164.2303924560547,279.6947021484375,285.6600036621094
2022-02-22,161.3050537109375,279.49072265625,273.84332275390625
2022-02-23,157.13302612304688,272.2537536621094,254.67999267578125
2022-02-24,159.7540740966797,286.1642150878906,266.92333984375
2022-02-25,161.8253631591797,288.8064270019531,269.9566650390625
2022-02-28,162.0903778076172,290.2440490722656,290.1433410644531
2022-03-01,160.20559692382812,286.513916015625,288.1233215332031
2022-03-02,163.50396728515625,291.6040954589844,293.2966613769531
2022-03-03,163.17999267578125,287.4562072753906,279.7633361816406
2022-03-04,160.1761932373047,281.5694580078125,279.42999267578125
2022-03-07,156.37718200683594,270.9327087402344,268.1933288574219
2022-03-08,154.55130004882812,267.96026611328125,274.79998779296875
2022-03-09,159.96022033691406,280.2484130859375,286.3233337402344
2022-03-10,155.6114959716797,277.4216613769531,279.4333190917969
2022-03-11,151.89102172851562,272.0595092773437,265.1166687011719
2022-03-14,147.85641479492188,268.5333251953125,255.4566650390625
2022-03-15,152.24436950683594,278.9370422363281,267.2966613769531
2022-03-16,156.66184997558594,285.9699401855469,280.07666015625
2022-03-17,157.67295837402344,286.77618408203125,290.5333251953125
2022-03-18,160.9713134765625,291.837158203125,301.7966613769531
2022-03-21,162.34559631347656,290.603515625,307.0533447265625
2022-03-22,165.72251892089844,295.3633728027344,331.32666015625
2022-03-23,167.0869903564453,290.924072265625,333.03668212890625
2022-03-24,170.87619018554688,295.4021911621094,337.97332763671875
2022-03-25,171.51422119140625,294.9942321777344,336.8800048828125
2022-03-28,172.3780975341797,301.81353759765625,363.9466552734375
2022-03-29,175.6764678955078,306.3888244628906,366.5233459472656
2022-03-30,174.50828552246094,304.88311767578125,364.663330078125
2022-03-31,171.40626525878906,299.4918212890625,359.20001220703125
2022-04-01,171.1117401123047,300.57012939453125,361.5299987792969
2022-04-04,175.166015625,305.9613342285156,381.8166809082031
2022-04-05,171.8479766845703,301.9883728027344,363.7533264160156
2022-04-06,168.67727661132812,290.93377685546875,348.586669921875
2022-04-07,168.9815673828125,292.7503356933594,352.4200134277344
2022-04-08,166.96914672851562,288.4761657714844,341.8299865722656
2022-04-11,162.7088165283203,277.10107421875,325.3099975585937
2022-04-12,164.5837860107422,273.9925842285156,328.9833374023437
2022-04-13,167.2734832763672,279.3935852050781,340.7900085449219
2022-04-14,162.25726318359375,271.82635498046875,328.3333435058594
2022-04-18,162.0413055419922,272.49664306640625,334.7633361816406
2022-04-19,164.3285675048828,277.1399841308594,342.7166748046875
2022-04-20,164.1616668701172,278.16961669921875,325.7333374023437
2022-04-21,163.36648559570312,272.77838134765625,336.260009765625
2022-04-22,158.82147216796875,266.1922607421875,335.01666259765625
2022-04-25,159.8914794921875,272.6909484863281,332.67333984375
2022-04-26,153.92303466796875,262.4911804199219,292.1400146484375
2022-04-27,153.697265625,275.1194152832031,293.836669921875
2022-04-28,160.6375274658203,281.3461303710937,292.5033264160156
2022-04-29,154.75743103027344,269.5824584960937,290.2533264160156
2022-05-02,155.061767578125,276.333740234375,300.9800109863281
2022-05-03,156.55386352539062,273.7206420898437,303.0833435058594
2022-05-04,162.97386169433594,281.6860656738281,317.5400085449219
2022-05-05,153.89358520507812,269.4173583984375,291.09332275390625
2022-05-06,154.62106323242188,266.8722839355469,288.54998779296875
2022-05-09,149.4893035888672,257.0126037597656,262.3699951171875
2022-05-10,151.89788818359375,261.7919311523437,266.67999267578125
2022-05-11,144.0233154296875,253.09780883789065,244.6666717529297
2022-05-12,140.14990234375,248.04656982421875,242.6666717529297
2022-05-13,144.6230010986328,253.6515350341797,256.5299987792969
2022-05-16,143.0795440673828,254.02069091796875,241.4566650390625
2022-05-17,146.71701049804688,259.1885070800781,253.8699951171875
2022-05-18,138.43934631347656,247.3877716064453,236.60333251953125
2022-05-19,135.02801513671875,246.4724884033203,236.47332763671875
2022-05-20,135.26393127441406,245.9077606201172,221.3000030517578
2022-05-23,140.69061279296875,253.78466796875,224.96665954589844
2022-05-24,137.9871063232422,252.7818603515625,209.3866729736328
2022-05-25,138.1444091796875,255.60543823242188,219.6000061035156
2022-05-26,141.34930419921875,258.8963623046875,235.91000366210935
2022-05-27,147.1102294921875,266.0430603027344,253.2100067138672
2022-05-31,146.3237762451172,264.70916748046875,252.7533264160156
2022-06-01,146.19595336914062,265.2447509765625,246.7899932861328
2022-06-02,148.65367126464844,267.3477783203125,258.3333435058594
2022-06-03,142.92225646972656,262.9078674316406,234.51666259765625
2022-06-06,143.6693878173828,261.6713562011719,238.27999877929688
2022-06-07,146.19595336914062,265.32257080078125,238.8866729736328
2022-06-08,145.4586181640625,263.2875671386719,241.86666870117188
2022-06-09,140.22860717773438,257.815673828125,239.7066650390625
2022-06-10,134.81175231933594,246.3264617919922,232.22999572753903
2022-06-13,129.65048217773438,235.8790435791016,215.73666381835935
2022-06-14,130.5155792236328,238.0503387451172,220.88999938964844
2022-06-15,133.1404571533203,245.12884521484372,233.0
2022-06-16,127.86122131347656,238.51768493652344,213.1000061035156
2022-06-17,129.33587646484375,241.1270904541016,216.75999450683597
2022-06-21,133.57301330566406,247.0566864013672,237.0366668701172
2022-06-22,133.0618438720703,246.4627227783203,236.086669921875
2022-06-23,135.9324493408203,252.04180908203125,235.07000732421875
2022-06-24,139.26512145996094,260.6489562988281,245.7066650390625
2022-06-27,139.26512145996094,257.9130249023437,244.9199981689453
2022-06-28,135.11647033691406,249.72450256347656,232.663330078125
2022-06-29,136.876220703125,253.40496826171875,228.4900054931641
2022-06-30,134.40867614746094,250.06524658203125,224.47332763671875
2022-07-01,136.58128356933594,252.7428741455078,227.26333618164065
2022-07-05,139.16683959960938,255.9267578125,233.0666656494141
2022-07-06,140.50384521484375,259.1982421875,231.73333740234372
2022-07-07,143.87586975097656,261.3305358886719,244.5433349609375
2022-07-08,144.5541534423828,260.6100769042969,250.76333618164065
2022-07-11,142.42088317871094,257.54302978515625,234.3433380126953
2022-07-12,143.39413452148438,246.9885406494141,233.07000732421875
2022-07-13,143.0303955078125,246.06353759765625,237.0399932861328
2022-07-14,145.95999145507812,247.3877716064453,238.31333923339844
2022-07-15,147.6312713623047,249.9581756591797,240.0666656494141
2022-07-18,144.58367919921875,247.5532684326172,240.54666137695312
2022-07-19,148.44723510742188,252.69419860839844,245.52999877929688
2022-07-20,150.45274353027344,255.36203002929688,247.5
2022-07-21,152.7237091064453,257.8642883300781,271.7066650390625
2022-07-22,151.4850311279297,253.5023193359375,272.24334716796875
2022-07-25,150.36424255371094,252.01263427734372,268.4333190917969
2022-07-26,149.037109375,245.26515197753903,258.8599853515625
2022-07-27,154.1393585205078,261.6615600585937,274.82000732421875
2022-07-28,154.68991088867188,269.12957763671875,280.8999938964844
2022-07-29,159.76263427734375,273.3454895019531,297.1499938964844
2022-08-01,158.77957153320312,270.6874694824219,297.27667236328125
2022-08-02,157.30490112304688,267.5814819335937,300.586669921875
2022-08-03,163.32147216796875,275.0299987792969,307.39666748046875
2022-08-04,163.00685119628906,276.1789245605469,308.6333312988281
2022-08-05,162.78045654296875,275.4583740234375,288.1700134277344
2022-08-08,162.3079071044922,272.93658447265625,290.42333984375
2022-08-09,162.35711669921875,274.86444091796875,283.3333435058594
2022-08-10,166.60997009277344,281.5438232421875,294.3566589355469
2022-08-11,165.8716583251953,279.46014404296875,286.6300048828125
2022-08-12,169.42556762695312,284.2213439941406,300.0299987792969
2022-08-15,170.49862670898438,285.7402648925781,309.32000732421875
2022-08-16,170.34107971191406,285.0002136230469,306.5633239746094
2022-08-17,171.83746337890625,284.2489624023437,303.9966735839844
2022-08-18,171.4436798095703,283.1269226074219,302.8699951171875
2022-08-19,168.85455322265625,279.2044372558594,296.6666564941406
2022-08-22,164.96595764160156,271.00830078125,289.913330078125
2022-08-23,164.63121032714844,269.7300720214844,296.4533386230469
2022-08-24,164.92657470703125,269.09588623046875,297.0966796875
2022-08-25,167.38772583007812,272.0816650390625,296.07000732421875
2022-08-26,161.0773162841797,261.582763671875,288.0899963378906
2022-08-29,158.8721466064453,258.7922058105469,284.82000732421875
2022-08-30,156.44052124023438,256.5870361328125,277.70001220703125
2022-08-31,154.7767791748047,255.1234588623047,275.6099853515625
2022-09-01,155.5052947998047,254.07940673828125,277.1600036621094
2022-09-02,153.3887176513672,249.84478759765625,270.2099914550781
2022-09-06,152.12860107421875,247.10296630859372,274.4200134277344
2022-09-07,153.53634643554688,251.8255157470703,283.70001220703125
2022-09-08,152.05967712402344,252.2450408935547,289.260009765625
2022-09-09,154.92445373535156,258.0409240722656,299.67999267578125
2022-09-12,160.89027404785156,260.1777038574219,304.4200134277344
2022-09-13,151.44932556152344,245.8735809326172,292.1300048828125
2022-09-14,152.89645385742188,246.09799194335935,302.6099853515625
2022-09-15,150.00213623046875,239.42404174804688,303.75
2022-09-16,148.3581085205078,238.799560546875,303.3500061035156
2022-09-19,152.07936096191406,238.5848846435547,309.07000732421875
2022-09-20,154.46176147460938,236.56512451171875,308.7300109863281
2022-09-21,151.33116149902344,233.15005493164065,300.79998779296875
2022-09-22,150.3663787841797,235.1308135986328,288.5899963378906
2022-09-23,148.09228515625,232.1450653076172,275.3299865722656
2022-09-26,148.42703247070312,231.6865081787109,276.010009765625
2022-09-27,149.40162658691406,230.6717529296875,282.94000244140625
2022-09-28,147.51144409179688,235.2186279296875,287.8099975585937
2022-09-29,140.26583862304688,231.7352752685547,268.2099914550781
2022-09-30,136.05235290527344,227.2469024658203,265.25
2022-10-03,140.23631286621094,234.8966522216797,242.3999938964844
2022-10-04,143.82962036132812,242.8390655517578,249.44000244140625
2022-10-05,144.12489318847656,243.1512756347656,240.80999755859372
2022-10-06,143.16998291015625,240.79977416992188,238.1300048828125
2022-10-07,137.91297912597656,228.554443359375,223.07000732421875
2022-10-10,138.23785400390625,223.68551635742188,222.9600067138672
2022-10-11,136.82025146484375,219.93875122070312,216.5
2022-10-12,136.19017028808594,220.27047729492188,217.2400054931641
2022-10-13,140.76792907714844,228.554443359375,221.72000122070312
2022-10-14,136.2295684814453,223.0122833251953,204.9900054931641
2022-10-17,140.19692993164062,231.76454162597656,219.3500061035156
2022-10-18,141.51612854003906,232.7110137939453,220.19000244140625
2022-10-19,141.6243896484375,230.74005126953125,222.0399932861328
2022-10-20,141.1616973876953,230.4180450439453,207.27999877929688
2022-10-21,144.9813995361328,236.24313354492188,214.44000244140625
2022-10-24,147.12754821777344,241.2486267089844,211.25
2022-10-25,149.9725799560547,244.5758819580078,222.4199981689453
2022-10-26,147.02908325195312,225.70529174804688,224.63999938964844
2022-10-27,142.54981994628906,221.2462158203125,225.08999633789065
2022-10-28,153.31982421875,230.14483642578125,228.5200042724609
2022-10-31,150.95706176757812,226.49563598632807,227.5399932861328
2022-11-01,148.30889892578125,222.63172912597656,227.82000732421875
2022-11-02,142.77621459960938,214.75762939453125,214.97999572753903
2022-11-03,136.72178649902344,209.0496063232422,215.30999755859372
2022-11-04,136.45555114746094,216.0163116455078,207.47000122070312
2022-11-07,136.98802185058594,222.33901977539065,197.0800018310547
2022-11-08,137.55995178222656,223.31475830078125,191.3000030517578
2022-11-09,132.99435424804688,219.06057739257807,177.58999633789062
2022-11-10,144.82748413085938,237.08226013183597,190.72000122070312
2022-11-11,147.61810302734375,241.1120147705078,195.97000122070312
2022-11-14,146.21786499023438,235.6869659423828,190.9499969482422
2022-11-15,147.95339965820312,236.09678649902344,194.4199981689453
2022-11-16,146.7207489013672,236.52731323242188,186.9199981689453
2022-11-17,148.6239471435547,236.47837829589844,183.1699981689453
2022-11-18,149.18597412109375,236.02828979492188,180.19000244140625
2022-11-21,145.95162963867188,236.8404235839844,167.8699951171875
2022-11-22,148.0914306640625,239.7562713623047,169.91000366210938
2022-11-23,148.96908569335938,242.25140380859372,183.1999969482422
2022-11-25,146.0502166748047,242.163330078125,182.8600006103516
2022-11-28,142.2143096923828,236.55665588378903,182.9199981689453
2022-11-29,139.20672607421875,235.15745544433597,180.8300018310547
2022-11-30,145.97132873535156,249.648681640625,194.6999969482422
2022-12-01,146.2474365234375,249.20835876464844,194.6999969482422
2022-12-02,145.75439453125,249.53128051757807,194.8600006103516
2022-12-05,144.5908203125,244.8150177001953,182.4499969482422
2022-12-06,140.9225616455078,239.8443145751953,179.82000732421875
2022-12-07,138.97994995117188,239.11045837402344,174.0399932861328
2022-12-08,140.6661834716797,242.07525634765625,173.44000244140625
2022-12-09,140.18299865722656,240.1378936767578,179.0500030517578
2022-12-12,142.4805908203125,247.0752716064453,167.82000732421875
2022-12-13,143.4469451904297,251.39036560058597,160.9499969482422
2022-12-14,141.21836853027344,251.68394470214844,156.8000030517578
2022-12-15,134.6016845703125,243.65060424804688,157.6699981689453
2022-12-16,132.63934326171875,239.4235992431641,150.22999572753906
2022-12-19,130.52914428710938,235.2748565673828,149.8699951171875
2022-12-20,130.46011352539062,236.5957794189453,137.8000030517578
2022-12-21,133.56629943847656,239.16917419433597,137.57000732421875
2022-12-22,130.39108276367188,233.06350708007807,125.3499984741211
2022-12-23,130.02621459960938,233.59185791015625,123.1500015258789
2022-12-27,128.22164916992188,231.8599395751953,109.0999984741211
2022-12-28,124.28717041015624,229.48226928710935,112.70999908447266
2022-12-29,127.80750274658205,235.8227996826172,121.81999969482422
2022-12-30,128.123046875,234.65841674804688,123.18000030517578
2023-01-03,123.33065032958984,234.4235992431641,108.0999984741211
2023-01-04,124.60270690917967,224.1691436767578,113.63999938964844
2023-01-05,123.28134155273438,217.5252990722656,110.33999633789062
2023-01-06,127.81735229492188,220.08888244628903,113.05999755859376
2023-01-09,128.3399658203125,222.2317352294922,119.7699966430664
2023-01-10,128.91192626953125,223.9245147705078,118.8499984741211
2023-01-11,131.63352966308594,230.69558715820312,123.22000122070312
2023-01-12,131.55465698242188,233.37661743164065,123.55999755859376
2023-01-13,132.88587951660156,234.0811004638672,122.4000015258789
2023-01-17,134.04949951171875,235.177001953125,131.49000549316406
2023-01-18,133.32962036132812,230.73471069335935,128.77999877929688
2023-01-19,133.3887939453125,226.93821716308597,127.16999816894533
2023-01-20,135.95263671875,235.04981994628903,133.4199981689453
2023-01-23,139.14761352539062,237.35899353027344,143.75
2023-01-24,140.54783630371094,236.83059692382807,143.88999938964844
2023-01-25,139.88714599609375,235.4314117431641,144.42999267578125
2023-01-26,141.9579620361328,242.662353515625,160.27000427246094
2023-01-27,143.90054321289062,242.8189239501953,177.89999389648438
2023-01-30,141.0113067626953,237.4862060546875,166.66000366210938
2023-01-31,142.28334045410156,242.4764404296875,173.22000122070312
2023-02-01,143.40750122070312,247.31011962890625,181.41000366210935
2023-02-02,148.7225799560547,258.9051208496094,188.2700042724609
2023-02-03,152.35137939453125,252.7896270751953,189.97999572753903
2023-02-06,149.619873046875,251.2435760498047,194.75999450683597
2023-02-07,152.49929809570312,261.80133056640625,196.80999755859372
2023-02-08,149.80723571777344,260.9892883300781,201.2899932861328
2023-02-09,148.77183532714844,257.9461669921875,207.32000732421875
2023-02-10,149.1372833251953,257.4373474121094,196.88999938964844
2023-02-13,151.94203186035156,265.48046875,194.63999938964844
2023-02-14,151.3000946044922,266.3121032714844,209.25
2023-02-15,153.40367126464844,264.1835021972656,214.2400054931641
2023-02-16,151.80377197265625,257.1502380371094,202.0399932861328
2023-02-17,150.6581573486328,253.1383056640625,208.30999755859372
2023-02-21,146.63864135742188,247.85108947753903,197.3699951171875
2023-02-22,147.06329345703125,246.7132110595703,200.8600006103516
2023-02-23,147.54721069335938,249.9110412597656,202.07000732421875
2023-02-24,144.8905792236328,244.4668884277344,196.8800048828125
2023-02-27,146.08558654785156,245.38894653320312,207.6300048828125
2023-02-28,145.58189392089844,244.66305541992188,205.7100067138672
2023-03-01,143.5079345703125,241.5731658935547,202.7700042724609
2023-03-02,144.10052490234375,246.3208465576172,190.8999938964844
2023-03-03,149.15701293945312,250.42108154296875,197.7899932861328
2023-03-06,151.9223175048828,251.9709930419922,193.80999755859372
2023-03-07,149.71995544433594,249.3028564453125,187.7100067138672
2023-03-08,150.97418212890625,248.86143493652344,182.0
2023-03-09,148.7224884033203,247.50778198242188,172.9199981689453
2023-03-10,146.6584014892578,243.84890747070312,173.44000244140625
2023-03-13,148.6039581298828,249.0772399902344,174.47999572753906
2023-03-14,150.69766235351562,255.81625366210935,183.25999450683597
2023-03-15,151.09271240234375,260.3775329589844,180.4499969482422
2023-03-16,153.91725158691406,270.93231201171875,184.1300048828125
2023-03-17,153.07777404785156,274.1007385253906,180.1300048828125
2023-03-20,155.447998046875,267.0379943847656,183.25
2023-03-21,157.30470275878906,268.5584716796875,197.5800018310547
2023-03-22,155.87269592285156,267.096923828125,191.1499938964844
2023-03-23,156.9590301513672,272.3644714355469,192.22000122070312
2023-03-24,158.26268005371094,275.21893310546875,190.41000366210935
2023-03-27,156.3170928955078,271.10894775390625,191.80999755859372
2023-03-28,155.6949005126953,269.9808349609375,189.19000244140625
2023-03-29,158.77622985839844,275.1601867675781,193.8800048828125
2023-03-30,160.3465118408203,278.6325988769531,195.27999877929688
2023-03-31,162.85499572753906,282.80157470703125,207.4600067138672
2023-04-03,164.1092529296875,281.7519836425781,194.7700042724609
2023-04-04,163.57594299316406,281.7029113769531,192.5800018310547
2023-04-05,161.72914123535156,278.9170837402344,185.5200042724609
2023-04-06,162.6179962158203,286.03863525390625,185.05999755859372
2023-04-10,160.02059936523438,283.87078857421875,184.50999450683597
2023-04-11,158.8058319091797,277.43585205078125,186.7899932861328
2023-04-12,158.1145477294922,278.0832824707031,180.5399932861328
2023-04-13,163.50682067871094,284.31219482421875,185.8999938964844
2023-04-14,163.16116333007812,280.6827392578125,185.0
2023-04-17,163.180908203125,283.2920227050781,187.0399932861328
2023-04-18,164.405517578125,282.8702087402344,184.30999755859372
2023-04-19,165.5511474609375,282.9486999511719,180.58999633789065
2023-04-20,164.5832977294922,280.6532897949219,162.99000549316406
2023-04-21,162.9735107421875,280.3099670410156,165.0800018310547
2023-04-24,163.27967834472656,276.3960876464844,162.5500030517578
2023-04-25,161.739013671875,270.167236328125,160.6699981689453
2023-04-26,161.72914123535156,289.7367248535156,153.75
2023-04-27,166.3214569091797,299.0163269042969,160.19000244140625
2023-04-28,167.57571411132812,301.39996337890625,164.30999755859375
2023-05-01,167.48684692382812,299.7323913574219,161.8300018310547
2023-05-02,166.4498748779297,299.585205078125,160.30999755859375
2023-05-03,165.37338256835938,298.5945129394531,160.61000061035156
2023-05-04,163.73397827148438,299.585205078125,161.1999969482422
2023-05-05,171.41748046875,304.72528076171875,170.05999755859375
2023-05-08,171.3483428955078,302.763427734375,171.7899932861328
2023-05-09,169.63980102539062,301.1449279785156,169.14999389648438
2023-05-10,171.40760803222656,306.3536071777344,168.5399932861328
2023-05-11,171.59521484375,304.1955871582031,172.0800018310547
2023-05-12,170.66563415527344,303.07733154296875,167.97999572753906
2023-05-15,170.17115783691406,303.5579528808594,166.35000610351562
2023-05-16,170.17115783691406,305.79449462890625,166.52000427246094
2023-05-17,170.78428649902344,308.68475341796875,173.86000061035156
2023-05-18,173.11825561523438,313.12823486328125,176.88999938964844
2023-05-19,173.22705078125,312.9512939453125,180.13999938964844
2023-05-22,172.27760314941406,315.7431945800781,188.8699951171875
2023-05-23,169.66677856445312,309.92340087890625,185.7700042724609
2023-05-24,169.94366455078125,308.5372619628906,182.8999938964844
2023-05-25,171.0809783935547,320.4029846191406,184.47000122070312
2023-05-26,173.4940643310547,327.2550048828125,193.1699981689453
2023-05-30,175.34341430664062,325.6034240722656,201.16000366210935
2023-05-31,175.29396057128906,322.8311462402344,203.92999267578125
2023-06-01,178.1026153564453,326.9501647949219,207.5200042724609
2023-06-02,178.953125,329.7225036621094,213.97000122070312
2023-06-05,177.59828186035156,330.2533569335937,217.6100006103516
2023-06-06,177.23236083984375,328.0315856933594,221.30999755859372
2023-06-07,175.857666015625,317.90594482421875,224.57000732421875
2023-06-08,178.57733154296875,319.7541809082031,234.8600006103516
2023-06-09,178.9630584716797,321.2582702636719,244.3999938964844
2023-06-12,181.7618103027344,326.2326354980469,249.8300018310547
2023-06-13,181.287109375,328.6312866210937,258.7099914550781
2023-06-14,181.92002868652344,331.629638671875,256.7900085449219
2023-06-15,183.9573211669922,342.2074890136719,255.8999938964844
2023-06-16,182.8793182373047,336.53521728515625,260.5400085449219
2023-06-20,182.96832275390625,332.3275756835937,274.45001220703125
2023-06-21,181.929931640625,327.9136047363281,259.4599914550781
2023-06-22,184.9363555908203,333.95947265625,264.6099853515625
2023-06-23,184.619873046875,329.3489074707031,256.6000061035156
2023-06-26,183.2254638671875,323.03765869140625,241.0500030517578
2023-06-27,185.98468017578125,328.9065856933594,250.2100067138672
2023-06-28,187.1615447998047,330.1649169921875,256.239990234375
2023-06-29,187.49778747558597,329.37841796875,257.5
2023-06-30,191.82945251464844,334.77545166015625,261.7699890136719
2023-07-03,190.33615112304688,332.2686462402344,279.82000732421875
2023-07-05,189.21856689453125,332.4259033203125,282.4800109863281
2023-07-06,189.69329833984372,335.4931640625,276.5400085449219
2023-07-07,188.5757598876953,331.5116271972656,274.42999267578125
2023-07-10,186.5286407470703,326.212890625,269.6099853515625
2023-07-11,186.00445556640625,326.84210205078125,269.7900085449219
2023-07-12,187.67581176757807,331.4920349121094,271.989990234375
2023-07-13,188.43731689453125,336.8595886230469,277.8999938964844
2023-07-14,188.58566284179688,339.3959045410156,281.3800048828125
2023-07-17,191.84922790527344,339.8776550292969,290.3800048828125
2023-07-18,191.59210205078125,353.4046630859375,293.3399963378906
2023-07-19,192.94700622558597,349.0693359375,291.260009765625
2023-07-20,190.99871826171875,340.9983215332031,262.8999938964844
2023-07-21,189.8218688964844,337.9507751464844,260.0199890136719
2023-07-24,190.6229248046875,339.26806640625,269.0599975585937
2023-07-25,191.4833068847656,345.03875732421875,265.2799987792969
2023-07-26,192.3536071777344,332.0523681640625,264.3500061035156
2023-07-27,191.0877227783203,325.1217041015625,255.7100067138672
2023-07-28,193.6689300537109,332.6421813964844,266.44000244140625
2023-07-31,194.2821044921875,330.2337341308594,267.42999267578125
2023-08-01,193.4513702392578,330.6465759277344,261.07000732421875
2023-08-02,190.45480346679688,321.95623779296875,254.1100006103516
2023-08-03,189.06036376953125,321.1304016113281,259.32000732421875
2023-08-04,179.98165893554688,322.2314758300781,253.8600006103516
2023-08-07,176.8762969970703,324.5220642089844,251.4499969482422
2023-08-08,177.81582641601562,320.5307922363281,249.6999969482422
2023-08-09,176.22361755371094,316.7754821777344,242.19000244140625
2023-08-10,176.0060272216797,317.46356201171875,245.33999633789065
2023-08-11,176.06546020507812,315.5760803222656,242.6499938964844
2023-08-14,177.71923828125,318.5547790527344,239.75999450683597
2023-08-15,175.72874450683594,316.4117126464844,232.9600067138672
2023-08-16,174.8572998046875,315.6432800292969,225.6000061035156
2023-08-17,172.3122100830078,312.1755676269531,219.22000122070312
2023-08-18,172.79747009277344,311.7814636230469,215.4900054931641
2023-08-21,174.1343536376953,317.101318359375,231.27999877929688
2023-08-22,175.51087951660156,317.67266845703125,233.19000244140625
2023-08-23,179.36314392089844,322.1452941894531,236.8600006103516
2023-08-24,174.6691436767578,315.2196960449219,230.0399932861328
2023-08-25,176.8774871826172,318.1849365234375,238.58999633789065
2023-08-28,178.4421844482422,318.8943176269531,238.82000732421875
2023-08-29,182.3340301513672,323.5343322753906,257.17999267578125
2023-08-30,185.8297882080078,323.9087219238281,256.8999938964844
2023-08-31,186.0476531982422,322.8940124511719,258.0799865722656
2023-09-01,187.62225341796875,323.7806701660156,245.00999450683597
2023-09-05,187.8599090576172,328.5980529785156,256.489990234375
2023-09-06,181.1357879638672,327.93804931640625,251.9199981689453
2023-09-07,175.83767700195312,325.0121154785156,251.4900054931641
2023-09-08,176.45166015625,329.3073425292969,248.5
2023-09-11,177.62022399902344,332.9228820800781,273.5799865722656
2023-09-12,174.58990478515625,326.8444519042969,267.4800109863281
2023-09-13,172.52017211914062,331.0707702636719,271.29998779296875
2023-09-14,174.0353240966797,333.6716003417969,276.0400085449219
2023-09-15,173.31240844726562,325.3174743652344,274.3900146484375
2023-09-18,176.2436981201172,324.1746520996094,265.2799987792969
2023-09-19,177.33303833007812,323.77081298828125,266.5
2023-09-20,173.78775024414062,316.0077819824219,262.5899963378906
2023-09-21,172.24288940429688,314.78619384765625,255.6999969482422
2023-09-22,173.09454345703125,312.3036193847656,244.8800048828125
2023-09-25,174.37203979492188,312.8257751464844,246.9900054931641
2023-09-26,170.29200744628906,307.5058898925781,244.1199951171875
2023-09-27,168.77682495117188,308.1462707519531,240.5
2023-09-28,169.0343017578125,308.983642578125,246.3800048828125
2023-09-29,169.54925537109375,311.06231689453125,250.22000122070312
2023-10-02,172.06463623046875,317.0224914550781,251.6000061035156
2023-10-03,170.7277069091797,308.73736572265625,246.52999877929688
2023-10-04,171.97549438476562,314.2246398925781,261.1600036621094
2023-10-05,173.21339416503906,314.61871337890625,260.04998779296875
2023-10-06,175.7683563232422,322.40142822265625,260.5299987792969
2023-10-09,177.25381469726562,324.9234313964844,259.6700134277344
2023-10-10,176.65963745117188,323.5146484375,263.6199951171875
2023-10-11,178.05596923828125,327.48486328125,262.989990234375
2023-10-12,178.95712280273438,326.2435607910156,258.8699951171875
2023-10-13,177.11520385742188,322.8644714355469,251.1199951171875
2023-10-16,176.98641967773438,327.7015991210937,253.9199981689453
2023-10-17,175.43165588378906,327.130126953125,254.8500061035156
2023-10-18,174.1343536376953,325.2091369628906,242.67999267578125
2023-10-19,173.758056640625,326.40118408203125,220.1100006103516
2023-10-20,171.20306396484375,321.8202209472656,211.9900054931641
2023-10-23,171.32191467285156,324.43084716796875,212.0800018310547
2023-10-24,171.7576446533203,325.6229248046875,216.5200042724609
2023-10-25,169.4403533935547,335.61236572265625,212.4199981689453
2023-10-26,165.2711944580078,323.0221252441406,205.75999450683597
2023-10-27,166.58828735351562,324.91357421875,207.3000030517578
2023-10-30,168.63818359375,332.3022766113281,197.3600006103516
2023-10-31,169.11354064941406,333.0903625488281,200.83999633789065
2023-11-01,172.28250122070312,340.93218994140625,205.66000366210935
2023-11-02,175.8475799560547,343.14874267578125,218.50999450683597
2023-11-03,174.93650817871094,347.56231689453125,219.9600067138672
2023-11-06,177.49148559570312,351.23687744140625,219.2700042724609
2023-11-07,180.05636596679688,355.1775207519531,222.17999267578125
2023-11-08,181.115966796875,357.807861328125,222.1100006103516
2023-11-09,180.64065551757807,355.3351135253906,209.97999572753903
2023-11-10,184.83511352539065,364.1817932128906,214.6499938964844
2023-11-13,183.24853515625,361.2361450195313,223.7100067138672
2023-11-14,185.8663787841797,364.7729187011719,237.41000366210935
2023-11-15,186.43161010742188,364.9209899902344,242.83999633789065
2023-11-16,188.11734008789065,371.3374938964844,233.58999633789065
2023-11-17,188.09750366210935,365.0986633300781,234.3000030517578
2023-11-20,189.84271240234372,372.5911560058594,235.6000061035156
2023-11-21,189.0395355224609,368.2773132324219,241.1999969482422
2023-11-22,189.7038726806641,372.9959106445313,234.2100067138672
2023-11-24,188.37515258789065,372.5812377929688,235.4499969482422
2023-11-27,188.1966552734375,373.74609375,236.0800018310547
2023-11-28,188.8015289306641,377.7835998535156,246.72000122070312
2023-11-29,187.7801818847656,373.9830322265625,244.13999938964844
2023-11-30,188.35533142089844,374.0422668457031,240.0800018310547
2023-12-01,189.63449096679688,369.6988220214844,238.8300018310547
2023-12-04,187.83969116210935,364.3977966308594,235.5800018310547
2023-12-05,191.79620361328125,367.73431396484375,238.72000122070312
2023-12-06,190.7054443359375,364.0621948242188,239.3699951171875
2023-12-07,192.6390380859375,366.1845397949219,242.63999938964844
2023-12-08,194.0669860839844,369.4223937988281,243.83999633789065
2023-12-11,191.5581970214844,366.530029296875,239.7400054931641
2023-12-12,193.0753631591797,369.5704345703125,237.00999450683597
2023-12-13,196.29806518554688,369.5605773925781,239.2899932861328
2023-12-14,196.4468231201172,361.22900390625,251.0500030517578
2023-12-15,195.91134643554688,365.9673461914063,253.5
2023-12-18,194.24545288085935,367.8627014160156,252.0800018310547
2023-12-19,195.28662109375,368.46484375,257.2200012207031
2023-12-20,193.19435119628903,365.8587646484375,247.13999938964844
2023-12-21,193.0456085205078,368.74127197265625,254.5
2023-12-22,191.9746856689453,369.7678527832031,252.5399932861328
2023-12-26,191.42930603027344,369.8468627929688,256.6099853515625
2023-12-27,191.5284423828125,369.2644653320313,261.44000244140625
2023-12-28,191.9548492431641,370.4588928222656,253.17999267578125
2023-12-29,190.9136657714844,371.2091064453125,248.47999572753903
2024-01-02,184.08151245117188,366.1055603027344,248.4199981689453
2024-01-03,182.70318603515625,365.8390197753906,238.4499969482422
2024-01-04,180.38284301757807,363.2131958007813,237.92999267578125
2024-01-05,179.65892028808594,363.025634765625,237.4900054931641
2024-01-08,184.00218200683597,369.8764953613281,240.4499969482422
2024-01-09,183.5857086181641,370.96234130859375,234.9600067138672
2024-01-10,184.62689208984372,377.8526306152344,233.94000244140625
2024-01-11,184.03192138671875,379.6887817382813,227.22000122070312
2024-01-12,184.35916137695312,383.4794616699219,218.88999938964844
2024-01-16,182.08837890625,385.2563171386719,219.91000366210935
2024-01-17,181.1463623046875,384.4666442871094,215.5500030517578
2024-01-18,187.04640197753903,388.8100891113281,211.8800048828125
2024-01-19,189.9517974853516,393.5484008789063,212.19000244140625
2024-01-22,192.2622528076172,391.4161682128906,208.8000030517578
2024-01-23,193.5414123535156,393.77545166015625,209.13999938964844
2024-01-24,192.8671112060547,397.388427734375,207.8300018310547
2024-01-25,192.53990173339844,399.6687316894531,182.6300048828125
2024-01-26,190.8045654296875,398.7408447265625,183.25
2024-01-29,190.12034606933597,404.4564514160156,190.92999267578125
2024-01-30,186.4613494873047,403.3409729003906,191.58999633789065
2024-01-31,182.85191345214844,392.472412109375,187.2899932861328
2024-02-01,185.291259765625,398.5928039550781,188.8600006103516
2024-02-02,184.2897491455078,405.9371948242188,187.91000366210935
2024-02-05,186.1043701171875,400.4387512207031,181.05999755859372
2024-02-06,187.71078491210935,400.2807922363281,185.1000061035156
2024-02-07,187.81983947753903,408.7308654785156,187.5800018310547
2024-02-08,186.739013671875,408.7900390625,189.55999755859372
2024-02-09,187.5035095214844,415.1473388671875,193.57000732421875
2024-02-12,185.8156280517578,409.92523193359375,188.1300048828125
2024-02-13,183.7206573486328,401.1001586914063,184.0200042724609
2024-02-14,182.8370056152344,404.9769287109375,188.7100067138672
2024-02-15,182.5490875244141,402.0792541503906,200.4499969482422
2024-02-16,181.0101318359375,399.6067810058594,199.9499969482422
2024-02-20,180.26548767089844,398.3507995605469,193.75999450683597
2024-02-21,181.0200653076172,397.74749755859375,194.7700042724609
2024-02-22,183.05545043945312,407.1131286621094,197.41000366210935
2024-02-23,181.2186584472656,405.8175964355469,191.97000122070312
2024-02-26,179.8683319091797,403.0484313964844,199.3999938964844
2024-02-27,181.32785034179688,402.9891052246094,199.72999572753903
2024-02-28,180.12649536132812,403.2264404296875,202.0399932861328
2024-02-29,179.46127319335938,409.0812377929688,201.8800048828125
2024-03-01,178.37904357910156,410.9207153320313,202.63999938964844
2024-03-04,173.85154724121094,410.3471374511719,188.13999938964844
2024-03-05,168.9070587158203,398.2122802734375,180.7400054931641
2024-03-06,167.91416931152344,397.6584777832031,176.5399932861328
2024-03-07,167.7950439453125,404.6308288574219,178.64999389648438
2024-03-08,169.51271057128906,401.7429809570313,175.33999633789062
2024-03-11,171.51829528808594,400.0616760253906,177.77000427246094
2024-03-12,171.994873046875,410.70306396484375,177.5399932861328
2024-03-13,169.90985107421875,410.5251159667969,169.47999572753906
2024-03-14,171.76651000976562,420.5335998535156,162.5
2024-03-15,171.38922119140625,411.8305969238281,163.57000732421875
2024-03-18,172.4813995361328,412.72064208984375,173.8000030517578
2024-03-19,174.82455444335938,416.7655944824219,171.32000732421875
2024-03-20,177.39610290527344,420.5434265136719,175.66000366210938
2024-03-21,170.1481475830078,424.6378479003906,172.82000732421875
2024-03-22,171.05166625976562,424.0147399902344,170.8300018310547
2024-03-25,169.6318359375,418.1995849609375,172.6300048828125
2024-03-26,168.49996948242188,417.00286865234375,177.6699981689453
2024-03-27,172.07431030273438,416.7853698730469,179.8300018310547
2024-03-28,170.25735473632812,416.0831604003906,175.7899932861328
2024-04-01,168.8177032470703,419.8907165527344,175.22000122070312
2024-04-02,167.63616943359375,416.7952270507813,166.6300048828125
2024-04-03,168.4403839111328,415.816162109375,168.3800048828125
2024-04-04,167.6163330078125,413.27447509765625,171.11000061035156
2024-04-05,168.3708953857422,420.8302612304688,164.89999389648438
2024-04-08,167.2489471435547,419.9105224609375,172.97999572753906
2024-04-09,168.46026611328125,421.5818481445313,176.8800048828125
2024-04-10,166.583740234375,418.5951843261719,171.75999450683594
2024-04-11,173.79197692871094,423.2136840820313,174.60000610351562
2024-04-12,175.29119873046875,417.2501525878906,171.0500030517578
2024-04-15,171.45872497558594,409.0812377929688,161.47999572753906
2024-04-16,168.17233276367188,410.0108337402344,157.11000061035156
2024-04-17,166.80218505859375,407.301025390625,155.4499969482422
2024-04-18,165.84901428222656,399.8144836425781,149.92999267578125
2024-04-19,163.8235321044922,394.7212219238281,147.0500030517578
2024-04-22,164.65756225585938,396.5408935546875,142.0500030517578
2024-04-23,165.7100067138672,403.078125,144.67999267578125
2024-04-24,167.81488037109375,404.5516662597656,162.1300048828125
2024-04-25,168.67869567871094,394.6421203613281,170.17999267578125
2024-04-26,168.09288024902344,401.8418884277344,168.2899932861328
2024-04-29,172.26295471191406,397.8167419433594,194.0500030517578
2024-04-30,169.1155548095703,385.03912353515625,183.27999877929688
2024-05-01,168.09288024902344,390.5872802734375,179.99000549316406
2024-05-02,171.79629516601562,393.455322265625,180.00999450683594
2024-05-03,182.0725250244141,402.1781311035156,181.19000244140625
2024-05-06,180.4144287109375,408.9822998046875,184.75999450683597
2024-05-07,181.0994873046875,404.82861328125,177.80999755859375
2024-05-08,181.43707275390625,406.015380859375,174.72000122070312
2024-05-09,183.2540435791016,407.7757873535156,171.97000122070312
2024-05-10,181.9913787841797,410.1690673828125,168.47000122070312
2024-05-13,185.20269775390625,409.1603088378906,171.88999938964844
2024-05-14,186.34603881835935,411.9690246582031,177.5500030517578
2024-05-15,188.622802734375,419.1718444824219,173.99000549316406
2024-05-16,188.7421112060547,417.1011657714844,174.83999633789062
2024-05-17,188.77194213867188,416.328369140625,177.4600067138672
2024-05-20,189.93516540527344,421.4109802246094,174.9499969482422
2024-05-21,191.2375946044922,425.0768127441406,186.6000061035156
2024-05-22,189.79595947265625,426.5431213378906,180.11000061035156
2024-05-23,185.7992248535156,423.0556640625,173.74000549316406
2024-05-24,188.8813018798828,426.1864318847656,179.24000549316406
2024-05-28,188.8912506103516,426.3450012207031,176.75
2024-05-29,189.18951416015625,425.2056274414063,176.19000244140625
2024-05-30,190.1837310791016,410.8395385742188,178.7899932861328
2024-05-31,191.13818359375,411.2952880859375,178.0800018310547
2024-06-03,192.9078826904297,409.7001647949219,176.2899932861328
2024-06-04,193.2260284423828,412.2265930175781,174.77000427246094
2024-06-05,194.7372283935547,420.0932922363281,175.0
2024-06-06,193.3552703857422,420.5985412597656,177.94000244140625
2024-06-07,195.7513427734375,419.9347229003906,177.47999572753906
2024-06-10,192.0031280517578,423.9176330566406,173.7899932861328
2024-06-11,205.95199584960935,428.6831970214844,170.66000366210938
2024-06-12,211.83778381347656,436.9858093261719,177.2899932861328
2024-06-13,213.00100708007807,437.5009765625,182.47000122070312
2024-06-14,211.2611083984375,438.4818420410156,178.00999450683594
2024-06-17,215.4169464111328,444.2282409667969,187.44000244140625
2024-06-18,213.0506896972656,442.2169799804688,184.8600006103516
2024-06-20,208.4673767089844,441.58294677734375,181.57000732421875
2024-06-21,206.2900390625,445.625244140625,183.00999450683597
2024-06-24,206.93626403808597,443.5347290039063,182.5800018310547
2024-06-25,207.8609161376953,446.784423828125,187.3500061035156
2024-06-26,212.0167236328125,447.9832458496094,196.3699951171875
2024-06-27,212.86181640625,448.6668701171875,197.4199981689453
2024-06-28,209.40191650390625,442.82135009765625,197.8800048828125
2024-07-01,215.49647521972656,452.5110168457031,209.8600006103516
2024-07-02,218.99612426757807,455.0374755859375,231.25999450683597
2024-07-03,220.2687225341797,456.5137023925781,246.38999938964844
2024-07-05,225.0310211181641,463.240966796875,251.5200042724609
2024-07-08,226.50247192382807,461.9331970214844,252.94000244140625
2024-07-09,227.35748291015625,455.2950439453125,262.3299865722656
2024-07-10,231.63262939453125,461.9430847167969,263.260009765625
2024-07-11,226.25392150878903,450.4997863769531,241.02999877929688
2024-07-12,229.2067108154297,449.36041259765625,248.22999572753903
2024-07-15,233.04440307617188,449.7666320800781,252.63999938964844
2024-07-16,233.4620056152344,445.3676452636719,256.5599975585937
2024-07-17,227.5563507080078,439.4230041503906,248.5
2024-07-18,222.8834991455078,436.3021240234375,249.22999572753903
2024-07-19,223.01275634765625,433.0722351074219,239.1999969482422
2024-07-22,222.66477966308597,438.848388671875,251.50999450683597
2024-07-23,223.70870971679688,440.7407531738281,246.3800048828125
2024-07-24,217.276123046875,424.9380798339844,215.9900054931641
2024-07-25,216.2321929931641,414.5351257324219,220.25
2024-07-26,216.69949340820312,421.3416137695313,219.8000030517578
2024-07-29,216.97787475585935,422.78814697265625,232.1000061035156
2024-07-30,217.5346221923828,419.0133666992188,222.6199951171875
2024-07-31,220.795654296875,414.485595703125,232.07000732421875
2024-08-01,217.09718322753903,413.2569885253906,216.8600006103516
2024-08-02,218.58848571777344,404.7166442871094,207.6699981689453
2024-08-05,208.0597381591797,391.4998474121094,198.8800048828125
2024-08-06,206.0315399169922,395.9186706542969,200.63999938964844
2024-08-07,208.6065673828125,394.7495422363281,191.75999450683597
2024-08-08,212.07635498046875,398.97021484375,198.83999633789065
2024-08-09,214.98944091796875,402.2694396972656,200.0
2024-08-12,216.5222930908203,403.05218505859375,197.4900054931641
2024-08-13,220.2449951171875,410.1856384277344,207.8300018310547
2024-08-14,220.69287109375,413.0093078613281,201.3800048828125
2024-08-15,223.6790008544922,417.89263916015625,214.13999938964844
2024-08-16,225.0028381347656,415.3517150878906,216.1199951171875
2024-08-19,224.8435821533203,418.388916015625,222.72000122070312
2024-08-20,225.460693359375,421.6345825195313,221.1000061035156
2024-08-21,225.3512115478516,420.9795227050781,223.2700042724609
2024-08-22,223.48985290527344,412.4534606933594,210.66000366210935
2024-08-23,225.78916931152344,413.6842651367188,220.32000732421875
2024-08-26,226.12759399414065,410.4088439941406,213.2100067138672
2024-08-27,226.97366333007807,410.7562561035156,209.2100067138672
2024-08-28,225.4407958984375,407.5403747558594,205.75
2024-08-29,228.7255096435547,410.0415954589844,206.27999877929688
2024-08-30,227.9391632080078,414.0316467285156,214.1100006103516
2024-09-03,221.738037109375,406.3890380859375,210.6000061035156
2024-09-04,219.82693481445312,405.8530578613281,219.41000366210935
2024-09-05,221.349853515625,405.3468933105469,230.1699981689453
2024-09-06,219.79705810546875,398.7067260742188,210.72999572753903
2024-09-09,219.8866424560547,402.69677734375,216.2700042724609
2024-09-10,219.09034729003903,411.1135559082031,226.1699981689453
2024-09-11,221.6285552978516,419.8876953125,228.1300048828125
2024-09-12,221.738037109375,423.8181762695313,229.80999755859372
2024-09-13,221.46926879882807,427.3814086914063,230.2899932861328
2024-09-16,215.31790161132807,428.1258239746094,226.77999877929688
2024-09-17,215.7857208251953,431.9074401855469,227.8699951171875
2024-09-18,219.66766357421875,427.5997924804688,227.1999969482422
2024-09-19,227.8097686767578,435.4210815429688,243.9199981689453
2024-09-20,227.1428680419922,432.0265502929688,238.25
2024-09-23,225.4208984375,430.2796936035156,250.0
2024-09-24,226.3166961669922,425.9720153808594,254.2700042724609
2024-09-25,225.3213348388672,428.8901062011719,257.0199890136719
2024-09-26,226.4660186767578,428.0960388183594,254.22000122070312
2024-09-27,226.73475646972656,424.83056640625,260.4599914550781
2024-09-30,231.92062377929688,427.0935668945313,261.6300048828125
2024-10-01,225.162109375,417.55517578125,258.0199890136719
2024-10-02,225.72946166992188,414.0217590332031,249.0200042724609
2024-10-03,224.6245880126953,413.4361267089844,240.66000366210935
2024-10-04,225.7493438720703,412.9596862792969,250.0800018310547
2024-10-07,220.6630401611328,406.4883117675781,240.8300018310547
2024-10-08,224.72413635253903,411.6197509765625,244.5
2024-10-09,228.47666931152344,414.3492431640625,241.0500030517578
2024-10-10,227.97897338867188,412.7413330078125,238.7700042724609
2024-10-11,226.4958953857422,413.2177429199219,217.8000030517578
2024-10-14,230.228515625,416.0167541503906,219.16000366210935
2024-10-15,232.7666931152344,415.6197204589844,219.57000732421875
2024-10-16,230.706298828125,413.0192565917969,221.3300018310547
2024-10-17,231.07456970214844,413.6147766113281,220.88999938964844
2024-10-18,233.91136169433597,415.0440673828125,220.6999969482422
2024-10-21,235.38450622558597,415.659423828125,218.8500061035156
2024-10-22,234.76739501953125,424.3244018554688,217.97000122070312
2024-10-23,229.6909942626953,421.4360656738281,213.6499938964844
2024-10-24,229.5019073486328,421.5650634765625,260.4800109863281
2024-10-25,230.3380126953125,424.9595642089844,269.19000244140625
2024-10-28,232.31878662109372,423.4112548828125,262.510009765625
2024-10-29,232.5875396728516,428.7312927246094,259.5199890136719
2024-10-30,229.03407287597656,429.3069458007813,257.54998779296875
2024-10-31,224.8634796142578,403.3220825195313,249.8500061035156
2024-11-01,221.87738037109372,407.3120727539063,248.97999572753903
2024-11-04,220.9815368652344,405.4162902832031,242.83999633789065
2024-11-05,222.4148712158203,408.39398193359375,251.44000244140625
2024-11-06,221.6882476806641,417.0490112304688,288.5299987792969
2024-11-07,226.42620849609372,422.2598571777344,296.9100036621094
2024-11-08,226.15716552734372,419.3914184570313,321.2200012207031
2024-11-11,223.4368133544922,414.8951721191406,350.0
2024-11-12,223.4368133544922,419.8777465820313,328.489990234375
2024-11-13,224.3236541748047,422.0315856933594,330.239990234375
2024-11-14,227.41270446777344,423.7090148925781,311.17999267578125
2024-11-15,224.2040863037109,411.9075927734375,320.7200012207031
2024-11-18,227.21339416503903,412.6619567871094,338.739990234375
2024-11-19,227.4724884033203,414.67681884765625,346.0
2024-11-20,228.18994140625,412.3939208984375,342.0299987792969
2024-11-21,227.71163940429688,410.61370849609375,339.6400146484375
2024-11-22,229.05685424804688,414.7211608886719,352.5599975585937
2024-11-25,232.04624938964844,416.5013732910156,338.5899963378906
2024-11-26,234.2285003662109,425.6510925292969,338.2300109863281
2024-11-27,234.0989532470703,420.6784362792969,332.8900146484375
2024-11-29,236.49046325683597,421.1458435058594,345.1600036621094
2024-12-02,238.7424774169922,428.6247863769531,357.0899963378906
2024-12-03,241.79165649414065,428.8435668945313,351.4200134277344
2024-12-04,242.150390625,435.0295715332031,357.92999267578125
2024-12-05,242.1802673339844,440.20111083984375,369.489990234375
2024-12-06,241.98097229003903,441.14593505859375,389.2200012207031
2024-12-09,245.8771514892578,443.58251953125,389.7900085449219
2024-12-10,246.8935546875,440.9072570800781,400.989990234375
2024-12-11,245.6180877685547,446.5363464355469,424.7699890136719
2024-12-12,247.0828857421875,447.1032104492188,418.1000061035156
2024-12-13,247.2522735595703,444.8257141113281,436.2300109863281
2024-12-16,250.1519775390625,449.12213134765625,463.0199890136719
2024-12-17,252.58334350585935,451.9764404296875,479.8599853515625
2024-12-18,247.1725616455078,434.999755859375,440.1300048828125
2024-12-19,248.90640258789065,434.6416931152344,436.1700134277344
2024-12-20,253.5897979736328,434.2140502929688,421.05999755859375
2024-12-23,254.36703491210935,432.8714294433594,430.6000061035156
2024-12-24,257.28668212890625,436.9291076660156,462.2799987792969
2024-12-26,258.1037292480469,435.7157897949219,454.1300048828125
2024-12-27,254.68588256835935,428.1772155761719,431.6600036621094
2024-12-30,251.307861328125,422.5083312988281,417.4100036621094
2024-12-31,249.5341644287109,419.1965637207031,403.8399963378906
